{"type":"Design","zone":null,"children":[{"type":"Page","properties":{"id":"page1"},"children":[{"type":"Header","zone":"top","properties":{"text":"Guest House"}},{"type":"Content","zone":"content"},{"type":"Footer","zone":"bottom","properties":{"text":"Yasmine Naraindas Setiadi","position":"fixed"},"children":[{"type":"Navbar","children":[{"type":"Button","properties":{"text":"Home","target":"#page1","active":true,"icon":"home"}},{"type":"Button","properties":{"text":"Menu","target":"#page2","icon":"grid"}},{"type":"Button","properties":{"icon":"info","text":"Info","target":"#page3"}}]}]}]},{"type":"Page","properties":{"id":"page2"},"children":[{"type":"Header","zone":"top","properties":{"text":"Guest House"}},{"type":"Content","zone":"content","children":[{"type":"List","children":[{"type":"ListButton","properties":{"text":"Guest Rooms","target":"#page4"}},{"type":"ListButton","properties":{"text":"Dining","target":"#page5"}},{"type":"ListButton","properties":{"text":"Garden","target":"#page6"}},{"type":"ListButton","properties":{"text":"Reservation","target":"#page7"}}]}]},{"type":"Footer","zone":"bottom","properties":{"text":"Yasmine Naraindas Setiadi","position":"fixed"},"children":[{"type":"Navbar","children":[{"type":"Button","properties":{"text":"Home","target":"#page1","icon":"home"}},{"type":"Button","properties":{"text":"Menu","target":"#page2","icon":"grid","active":true}},{"type":"Button","properties":{"icon":"info","text":"Info","target":"#page3"}}]}]}]},{"type":"Page","properties":{"id":"page3"},"children":[{"type":"Header","zone":"top","properties":{"text":"Guest House"}},{"type":"Content","zone":"content","children":[{"type":"List","children":[{"type":"ListButton","properties":{"text":"Alamat : Kaliurang, Jogyakarta"}},{"type":"ListButton","properties":{"text":"Phone : 029-111 2222","target":"tel:029-111 2222"}}]}]},{"type":"Footer","zone":"bottom","properties":{"text":"Yasmine Naraindas Setiadi","position":"fixed"},"children":[{"type":"Navbar","children":[{"type":"Button","properties":{"text":"Home","target":"#page1","icon":"home"}},{"type":"Button","properties":{"text":"Menu","target":"#page2","icon":"grid"}},{"type":"Button","properties":{"text":"Info","target":"#page3","icon":"info","active":true}}]}]}]},{"type":"Page","properties":{"id":"page4"},"children":[{"type":"Header","zone":"top","properties":{"text":"Guest House"}},{"type":"Content","zone":"content","children":[{"type":"Div","children":[{"type":"Text","properties":{"text":"Guest Rooms","type":"p"}}]},{"type":"Image","properties":{"src":"images/hotel-griptha.jpg","width":400}},{"type":"Text","properties":{"text":"Setiap kamar di desain dengan suasana pedesaan yang sejuk, di lengkapi dengan perlengkapan tidur yang memanjakan seperti tempat tidur spring-bed, layar flat TV, bebas akses internet. Ketika membuka jendela, Anda akan melihat pemandangan Gunung Merapi yang menawan, serta pada sisi lainnya pemandangan kota Yogya dari atas semakin menambah menarik pemandangan yang di lihat. Semuanya dapat Anda nikmati dari jendela kamar Anda "}}]},{"type":"Footer","zone":"bottom","properties":{"text":"Yasmine Naraindas Setiadi","position":"fixed"},"children":[{"type":"Navbar","children":[{"type":"Button","properties":{"text":"Home","target":"#page1","icon":"home"}},{"type":"Button","properties":{"text":"Menu","target":"#page2","icon":"grid"}},{"type":"Button","properties":{"text":"Info","target":"#page3","icon":"info"}}]}]}]},{"type":"Page","properties":{"id":"page5"},"children":[{"type":"Header","zone":"top","properties":{"text":"Dinning"}},{"type":"Content","zone":"content","children":[{"type":"Grid","children":[{"type":"Block","children":[{"type":"Text","properties":{"text":"Lumpia"}},{"type":"Div","children":[{"type":"Image","properties":{"src":"images/lumpia.jpg","width":200}},{"type":"Text","properties":{"text":"Lumpia atau terkadang dieja sebagai lun pia (Hanzi: 潤餅 / 润饼, POJ: lūn-piáⁿ, hanyu pinyin: rùn bǐng) adalah sejenis penganan tradisional Tionghoa. Kata lumpia berasal dari dialek Hokkian dari pelafalan runbing dalam dialek Utara. Dan dalam Bahasa Khek atau Bahasa Hakka , Lumpia disebut Pokppya ( pokpia ).  Lumpia adalah lembaran tipis dari tepung gandum yang dijadikan kulit lalu digunakan sebagai pembungkus isian yang biasanya terdiri atas rebung, telur, sayuran segar, daging, atau makanan laut.  Di Indonesia, lumpia dikenal sebagai makanan khas Semarang dengan tata cara pembuatan dan bahan-bahan yang telah disesuaikan dengan tradisi setempat."}}]}]},{"type":"Block","properties":{"subtype":"b"},"children":[{"type":"Text","properties":{"text":"Bandeng Presto"}},{"type":"Div","children":[{"type":"Image","properties":{"src":"images/bandeng-presto-semarang.jpg","width":200}},{"type":"Text","properties":{"text":"Bandeng presto adalah makanan khas Indonesia yang berasal dari Kota Semarang, Jawa Tengah. Makanan ini dibuat dari ikan bandeng (Chanos chanos) yang dibumbui dengan bawang putih, kunyit dan garam. Asal mulanya ditemukan oleh Hanna Budimulya yang lahir di kota pati, Jawa Tengah dan akhirnya menjadi ikon besar Kota Semarang.  Ikan bandeng ini kemudian dimasak pada alas daun pisang dengan cara presto. Presto adalah cara memasak dengan uap air yang bertekanan tinggi. Makanan yang dimasak dengan cara ini diletakkan dalam panci yang dapat dikunci dengan rapat. Air yang berada di dalam panci ini kemudian dipanaskan hingga mendidih. Uap air yang timbul akan memasak makanan yang berada di dalam panci ini. Karena ikan bandeng terkenal memiliki banyak duri, bandeng presto adalah makanan yang digemari karena dengan cara masak presto duri-duri ini menjadi sangat lunak."}}]}]}]}]},{"type":"Footer","zone":"bottom","properties":{"text":"Yasmine Naraindas Setiadi","position":"fixed"},"children":[{"type":"Navbar","children":[{"type":"Button","properties":{"text":"Home","target":"#page1","icon":"home"}},{"type":"Button","properties":{"text":"Menu","target":"#page2","icon":"grid"}},{"type":"Button","properties":{"text":"Info","target":"#page3","icon":"info"}}]}]}]},{"type":"Page","properties":{"id":"page6"},"children":[{"type":"Header","zone":"top","properties":{"text":"Guest House"}},{"type":"Content","zone":"content","children":[{"type":"Grid","children":[{"type":"Block","children":[{"type":"Text","properties":{"text":"Lawang Sewu merupakan sebuah bangunan kuno peninggalan jaman belanda yang dibangun pada 1904. Semula gedung ini untuk kantor pusat perusahaan kereta api (trem) penjajah Belanda atau Nederlandsch Indishe Spoorweg Naatschappij (NIS). Gedung tiga lantai bergaya art deco (1850-1940) ini karya arsitek Belanda ternama, Prof Jacob F Klinkhamer dan BJ Queendag. Lawang Sewu terletak di sisi timur Tugu Muda Semarang, atau di sudut jalan Pandanaran dan jalan Pemuda. Disebut Lawang Sewu (Seribu Pintu), ini dikarenakan bangunan tersebut memiliki pintu yang sangat banyak. Kenyataannya, pintu yang ada tidak sampai seribu. Bangunan ini memiliki banyak jendela tinggi dan lebar, sehingga masyarakat sering menganggapnya sebagai pintu."}}]},{"type":"Block","properties":{"subtype":"b"},"children":[{"type":"Text","properties":{"text":"Lawang Sewu","type":"strong"}},{"type":"Image","properties":{"src":"images/Lawang-Sewu.jpg","width":250}}]}]}]},{"type":"Footer","zone":"bottom","properties":{"text":"Yasmine Naraindas Setiadi","position":"fixed"},"children":[{"type":"Navbar","children":[{"type":"Button","properties":{"text":"Home","target":"#page1","icon":"home"}},{"type":"Button","properties":{"text":"Menu","target":"#page2","icon":"grid"}},{"type":"Button","properties":{"text":"Info","target":"#page3","icon":"info"}}]}]}]},{"type":"Page","properties":{"id":"page7"},"children":[{"type":"Header","zone":"top","properties":{"text":"Reservation"}},{"type":"Content","zone":"content","children":[{"type":"Grid","properties":{"columns":4},"children":[{"type":"Block","children":[{"type":"Text","properties":{"text":"Panggilan"}}]},{"type":"Block","properties":{"subtype":"b"},"children":[{"type":"SelectMenu","properties":{"options":{"type":"record-array","sortable":true,"recordType":{"text":"string","value":"string"},"children":[{"text":"Mr","value":"Value"},{"text":"Mrs","value":"Value"}]},"mini":true,"inline":true}}]},{"type":"Block","properties":{"subtype":"c"}},{"type":"Block","properties":{"subtype":"d"}}]},{"type":"Div","children":[{"type":"TextInput","properties":{"id":"text1","label":"Yang Lainnya","mini":true}},{"type":"TextInput","properties":{"id":"text6","label":"Nama Depan","mini":true}},{"type":"TextInput","properties":{"id":"text5","label":"Nama Keluarga","mini":true}},{"type":"TextInput","properties":{"id":"text4","mini":true,"label":"Masuk"}},{"type":"TextInput","properties":{"id":"text3","mini":true,"label":"Keluar"}},{"type":"Div","children":[{"type":"Text","properties":{"text":"Tamu"}},{"type":"Slider","properties":{"id":"slider1","value":11,"mini":true,"label":"Dewasa"}},{"type":"Slider","properties":{"id":"slider2","label":"Anak-Anak","mini":true}}]},{"type":"Button","properties":{"text":"Cek Ketersediaan & Rates"}}]}]},{"type":"Footer","zone":"bottom","properties":{"text":"Yasmine Naraindas Setiadi","position":"fixed"},"children":[{"type":"Navbar","children":[{"type":"Button","properties":{"text":"Home","target":"#page1","icon":"home"}},{"type":"Button","properties":{"text":"Menu","target":"#page2","icon":"grid"}},{"type":"Button","properties":{"text":"Info","target":"#page3","icon":"info"}}]}]}]}],"pInfo":{"name":"Tugas Yasmin","theme":"Default","accessDate":1420770655786,"device":{"name":"Phones","screenWidth":320,"screenHeight":480,"rotating":false}}}